year,valuation,claim,premium
2011,73200000,6400000,400000
2012,63992500,7150000,357500
2013,61665500,6890000,344500
2014,43400000,5952000,248000
2015,53700000,6000000,300000
2016,46475000,8250000,275000
2017,47435000,5300000,265000
2018,47250000,2500000,250000
2019,44750000,5000000,250000